id,created_by,suite,checkin,checkout,adults,children,totalPrice,roomSelected,isApproved,paymentStatus,description,price,fname,lname
71,31,6,2023-04-01,2023-04-04,1,0,60000,65,1,0,"Family Suite",20000,Sasha,Brown
82,103,6,2023-04-07,2023-04-14,3,0,140000,59,1,1,"Family Suite",20000,Ham,App
83,31,7,2023-04-13,2023-04-19,1,0,174000,60,1,0,"Premium Suite",29000,Sasha,Brown
84,39,6,2023-05-04,2023-05-09,6,0,100000,73,1,0,"Family Suite",20000,Peter,Jones
85,36,5,2023-04-18,2023-04-21,2,0,75000,67,1,0,"Luxury Suite",25000,James,Kant
86,37,7,2023-05-17,2023-05-21,2,0,116000,23,1,0,"Premium Suite",29000,John,Smith
87,41,7,2023-04-28,2023-04-30,1,0,58000,60,1,0,"Premium Suite",29000,Chris,Brown
88,42,6,2023-06-08,2023-06-12,2,2,80000,73,1,0,"Family Suite",20000,Emily,Rodrigo
89,43,7,2023-05-09,2023-05-16,4,0,203000,63,1,0,"Premium Suite",29000,Michael,Shabalala
90,44,6,2023-04-21,2023-04-23,2,0,40000,71,1,0,"Family Suite",20000,Jennifer,Dacis
91,45,6,2023-04-26,2023-04-30,1,0,80000,22,1,0,"Family Suite",20000,Kevin,Miller
92,46,6,2023-07-27,2023-07-30,2,4,60000,62,1,0,"Family Suite",20000,Laura,Smith
93,47,5,2023-05-16,2023-05-19,2,0,75000,61,1,0,"Luxury Suite",25000,Marj,Thompson
94,32,7,2023-06-14,2023-06-20,3,0,174000,69,1,0,"Premium Suite",29000,"John ",Doe
95,39,7,2023-08-18,2023-08-20,1,0,58000,74,1,0,"Premium Suite",29000,Peter,Jones
96,48,6,2023-08-11,2023-08-15,4,3,80000,59,1,0,"Family Suite",20000,Caroline,Martinez
97,48,6,2023-12-14,2023-12-19,4,3,100000,71,1,0,"Family Suite",20000,Caroline,Martinez
98,49,5,2023-09-18,2023-09-22,3,0,100000,18,1,0,"Luxury Suite",25000,Joshua,Baker
99,50,5,2023-07-21,2023-07-25,3,0,100000,21,1,0,"Luxury Suite",25000,Elizabeth,Jones
100,51,7,2023-04-10,2023-04-14,2,0,116000,74,1,0,"Premium Suite",29000,Alexander,Robinson
101,52,5,2023-04-12,2023-04-18,3,0,150000,18,1,0,"Luxury Suite",25000,Olivia,Morris
102,53,6,2023-12-14,2023-12-19,3,2,100000,62,1,0,"Family Suite",20000,David,Hill
103,53,5,2023-10-17,2023-10-21,2,0,100000,64,1,0,"Luxury Suite",25000,David,Hill
104,54,5,2023-04-20,2023-04-24,4,0,100000,67,1,0,"Luxury Suite",25000,Hannah,Phillips
105,55,7,2023-07-11,2023-07-15,1,0,116000,74,1,0,"Premium Suite",29000,Jason,Lee
106,56,6,2023-04-11,2023-04-15,3,4,80000,62,1,0,"Family Suite",20000,Christina,Brown
107,57,6,2023-06-27,2023-06-30,2,2,60000,71,1,0,"Family Suite",20000,Brian,Johnson
108,58,5,2023-11-09,2023-11-12,3,0,75000,19,1,0,"Luxury Suite",25000,Ashley,Jackson
109,58,7,2023-07-03,2023-07-07,4,0,116000,69,1,0,"Premium Suite",29000,Ashley,Jackson
110,59,7,2023-09-11,2023-09-14,2,0,87000,23,1,0,"Premium Suite",29000,Steven,Mitchell
111,60,6,2023-12-22,2023-12-26,4,4,80000,68,1,0,"Family Suite",20000,Amanda,Wilson
112,61,7,2023-09-14,2023-09-17,1,0,87000,63,1,0,"Premium Suite",29000,Matthew,Davis
113,64,6,2023-08-16,2023-08-21,2,1,100000,65,1,0,"Family Suite",20000,Daniela,Thomas
114,65,5,2023-06-01,2023-06-04,3,0,75000,61,1,0,"Luxury Suite",25000,Lauren,Roberts
115,66,5,2023-04-13,2023-04-16,1,0,75000,67,1,0,"Luxury Suite",25000,Nathan,Parker
116,67,6,2023-12-14,2023-12-19,4,4,100000,78,1,0,"Family Suite",20000,Jessica,Walker
117,68,5,2023-09-22,2023-09-24,1,0,50000,18,1,0,"Luxury Suite",25000,Erico,Rodriguez
118,69,7,2023-07-13,2023-07-15,3,0,58000,20,1,0,"Premium Suite",29000,Allison,White
119,70,7,2023-08-22,2023-08-26,1,0,116000,74,1,0,"Premium Suite",29000,George,Collins
120,71,6,2023-08-16,2023-08-20,3,5,80000,59,1,0,"Family Suite",20000,Molly,Turnika
121,71,6,2023-12-21,2023-12-26,4,5,100000,78,1,0,"Family Suite",20000,Molly,Turnika
122,72,7,2023-07-18,2023-07-20,1,0,58000,20,1,0,"Premium Suite",29000,Ethan,Adamsons
123,69,5,2023-09-01,2023-09-04,3,0,75000,67,1,0,"Luxury Suite",25000,Allison,White
124,69,5,2023-06-26,2023-06-29,1,0,75000,18,1,0,"Luxury Suite",25000,Allison,White
125,73,6,2023-12-28,2023-12-31,2,3,60000,78,1,0,"Family Suite",20000,Layla,Mitchell
126,74,5,2023-07-10,2023-07-13,4,0,75000,61,1,0,"Luxury Suite",25000,Patrick,Wright
127,75,7,2023-10-26,2023-10-30,2,0,116000,63,1,0,"Premium Suite",29000,Victoria,Jones
128,76,7,2023-06-08,2023-06-11,2,0,87000,69,1,0,"Premium Suite",29000,Nicholas,Roberts
129,77,6,2023-08-24,2023-08-27,4,2,60000,65,1,0,"Family Suite",20000,Katelyn,Scott
130,78,7,2023-04-20,2023-04-23,1,0,87000,77,1,0,"Premium Suite",29000,Justin,Martin
131,80,7,2023-10-26,2023-10-29,1,0,87000,74,1,0,"Premium Suite",29000,Robert,Garcia
